{"cameraMode":{"drawMode":0,"name":"Shaded","section":"Shading Mode"},"sceneLighting":false,"audioPlay":false,"sceneViewState":{"showFog":true,"showMaterialUpdate":false,"showSkybox":false,"showFlares":true,"showImageEffects":true,"showParticleSystems":true},"in2DMode":false,"pivot":{"x":-2.259664535522461,"y":-0.4212813377380371,"z":1.9700312614440919},"rotation":{"x":0.2846475839614868,"y":0.44949448108673098,"z":-0.1536603718996048,"w":0.832660973072052},"size":6.65020751953125,"orthographic":false}